Text,Hashtags,Category
The hotel television knows my name travelling WritingCommunity GameDev CreepyNotCreepy,"['#travelling', '#WritingCommunity', '#GameDev', '#CreepyNotCreepy']",Travel
travelling reisen nyc UN Geb√§ude neben Sumpfgebiet so wie die aktuelle Lage der Welt ü§î,"['#travelling', '#reisen', '#nyc']",Travel
Whenever I fly I always look out of the window Humans have dreamed of being able to fly for millennia Millions wishing they could soar like the birds It s important to honour their dreams and the drive this gives humanity to strive and progress Even on a short haul commercial flight travelling paxaus flying,"['#travelling', '#paxaus', '#flying']",Travel
pixel7pro pixel7 google teampixel blackforest cinematic landschaftsfotografie smartphone landscapephotography landscape sky mood moodoftheday travelling forest colorful light hike aesthetic aesthetics blackforest calw nagold travelphotography travelgram instagram travel followformore,"['#pixel7pro', '#pixel7', '#google', '#teampixel', '#blackforest', '#cinematic', '#landschaftsfotografie', '#smartphone', '#landscapephotography', '#landscape', '#sky', '#mood', '#moodoftheday', '#travelling', '#forest', '#colorful', '#light', '#hike', '#aesthetic', '#aesthetics', '#blackforest', '#calw', '#nagold', '#travelphotography', '#travelgram', '#instagram', '#travel', '#followformore']",Travel
travelling reisen nyc ferry like Izmir üòç,"['#travelling', '#reisen', '#nyc', '#ferry']",Travel
Which Airlines Use The Embraer E195 E2 in Their Fleets Over the decades the race to making planes more and more efficient has been continuous and rapidly evolving Long before environmental issues were a c airline airlines Aviation E195 Embraer Fleet Travel travelling traveltheworldwith us avgeek n ews embraer which airlines use the embraer e195 e2 in their fleets feed id 3418 unique id 651d6f3905d72,"['#airline', '#airlines', '#Aviation', '#E195', '#Embraer', '#Fleet', '#Travel', '#travelling']",Travel
blackforest cinematic landschaftsfotografie smartphone landscapephotography landscape sky mood moodoftheday travelling forest colorful light hike aesthetic calw nagold aesthetics blackforest travelphotography canyongrail cycling teampixel biking canyon gravelbike outdoors travelgram instagram travel followformoreuselesstweets,"['#blackforest', '#cinematic', '#landschaftsfotografie', '#smartphone', '#landscapephotography', '#landscape', '#sky', '#mood', '#moodoftheday', '#travelling', '#forest', '#colorful', '#light', '#hike', '#aesthetic', '#calw', '#nagold', '#aesthetics', '#blackforest', '#travelphotography', '#canyongrail', '#cycling', '#teampixel', '#biking', '#canyon', '#gravelbike', '#outdoors', '#travelgram', '#instagram', '#travel', '#followformoreuselesstweets']",Travel
blackforest cinematic landschaftsfotografie smartphone landscapephotography landscape sky mood moodoftheday travelling forest colorful light hike aesthetic calw nagold aesthetics blackforest travelphotography canyongrail cycling teampixel biking canyon gravelbike outdoors travelgram instagram travel followformore,"['#blackforest', '#cinematic', '#landschaftsfotografie', '#smartphone', '#landscapephotography', '#landscape', '#sky', '#mood', '#moodoftheday', '#travelling', '#forest', '#colorful', '#light', '#hike', '#aesthetic', '#calw', '#nagold', '#aesthetics', '#blackforest', '#travelphotography', '#canyongrail', '#cycling', '#teampixel', '#biking', '#canyon', '#gravelbike', '#outdoors', '#travelgram', '#instagram', '#travel', '#followformore']",Travel
SAS‚Äô switch to SkyTeam as a founding member of the Star Alliance just goes to show the gravity of the problems the Scandinavian has found itself in travelling scandinavia airlines,"['#travelling', '#scandinavia', '#airlines']",Travel
Here can be found DISSONANCE NoMansSky NMS NoMansSkyEchoes games gamers gaming video vidcap procgen SciFi virtuasuns travelling HelloGames,"['#NoMansSky', '#NMS', '#NoMansSkyEchoes', '#games', '#gamers', '#gaming', '#video', '#vidcap', '#procgen', '#SciFi', '#virtuasuns', '#travelling', '#HelloGames']",Travel
blackforest cinematic landschaftsfotografie smartphone landscapephotography landscape sky mood moodoftheday travelling forest colorful light hike aesthetic calw nagold aesthetics blackforest travelphotography canyongrail cycling teampixel biking canyon gravelbike outdoors travelgram instagram travel followformore,"['#blackforest', '#cinematic', '#landschaftsfotografie', '#smartphone', '#landscapephotography', '#landscape', '#sky', '#mood', '#moodoftheday', '#travelling', '#forest', '#colorful', '#light', '#hike', '#aesthetic', '#calw', '#nagold', '#aesthetics', '#blackforest', '#travelphotography', '#canyongrail', '#cycling', '#teampixel', '#biking', '#canyon', '#gravelbike', '#outdoors', '#travelgram', '#instagram', '#travel', '#followformore']",Travel
Engadin Switzerland Travelling Bestdestinations Nature Outdoor Hiking Naturephotography Enjoying the hiking tour from Maloja to Sils along the lakes,"['#Engadin', '#Switzerland', '#Travelling', '#Bestdestinations', '#Nature', '#Outdoor', '#Hiking', '#Naturephotography']",Travel
blackforest cinematic landschaftsfotografie smartphone landscapephotography landscape sky mood moodoftheday travelling forest colorful light hike aesthetic calw nagold aesthetics blackforest travelphotography canyongrail cycling teampixel biking canyon gravelbike outdoors travelgram instagram travel followformore,"['#blackforest', '#cinematic', '#landschaftsfotografie', '#smartphone', '#landscapephotography', '#landscape', '#sky', '#mood', '#moodoftheday', '#travelling', '#forest', '#colorful', '#light', '#hike', '#aesthetic', '#calw', '#nagold', '#aesthetics', '#blackforest', '#travelphotography', '#canyongrail', '#cycling', '#teampixel', '#biking', '#canyon', '#gravelbike', '#outdoors', '#travelgram', '#instagram', '#travel', '#followformore']",Travel
pixel7pro pixel7 google teampixel blackforest cinematic landschaftsfotografie smartphone landscapephotography landscape sky mood moodoftheday travelling forest colorful light hike aesthetic aesthetics blackforest calw nagold travelphotography travelgram instagram travel followformore,"['#pixel7pro', '#pixel7', '#google', '#teampixel', '#blackforest', '#cinematic', '#landschaftsfotografie', '#smartphone', '#landscapephotography', '#landscape', '#sky', '#mood', '#moodoftheday', '#travelling', '#forest', '#colorful', '#light', '#hike', '#aesthetic', '#aesthetics', '#blackforest', '#calw', '#nagold', '#travelphotography', '#travelgram', '#instagram', '#travel', '#followformore']",Travel
blackforest cinematic landschaftsfotografie smartphone landscapephotography landscape sky mood moodoftheday travelling forest colorful light hike aesthetic calw nagold aesthetics blackforest travelphotography canyongrail cycling teampixel biking canyon gravelbike outdoors travelgram instagram travel followformore,"['#blackforest', '#cinematic', '#landschaftsfotografie', '#smartphone', '#landscapephotography', '#landscape', '#sky', '#mood', '#moodoftheday', '#travelling', '#forest', '#colorful', '#light', '#hike', '#aesthetic', '#calw', '#nagold', '#aesthetics', '#blackforest', '#travelphotography', '#canyongrail', '#cycling', '#teampixel', '#biking', '#canyon', '#gravelbike', '#outdoors', '#travelgram', '#instagram', '#travel', '#followformore']",Travel
Black Magic Yachts and boats and Catamarano‚Äôs at Marina di Ragusa üì∑shot üî¥Leica M11 APO Summicron 1 2 90mm at Marina di Ragusa Sicily ¬© Biancavela Press salvomicüì∑ flipboard Flipboard flipboard leica leicaCamera leicacommunity leicaAkademieItaly leicaSociety streetphotography ragusa sicily reportagephotography travelphotography lfigallery lfiarchive GettyImages GettyReportage AlamyEditorial apimages reutersphotos boats seascape travelling fediverse photography,"['#flipboard', '#leica', '#leicaCamera', '#leicacommunity', '#leicaAkademieItaly', '#leicaSociety', '#streetphotography', '#ragusa', '#sicily', '#reportagephotography', '#travelphotography', '#lfigallery', '#lfiarchive', '#GettyImages', '#GettyReportage', '#AlamyEditorial', '#apimages', '#reutersphotos', '#boats', '#seascape', '#travelling', '#fediverse', '#photography']",Travel
blackforest cinematic landschaftsfotografie smartphone landscapephotography landscape sky mood moodoftheday travelling forest colorful light hike aesthetic calw nagold aesthetics blackforest travelphotography canyongrail cycling teampixel biking canyon gravelbike outdoors travelgram instagram travel followformore,"['#blackforest', '#cinematic', '#landschaftsfotografie', '#smartphone', '#landscapephotography', '#landscape', '#sky', '#mood', '#moodoftheday', '#travelling', '#forest', '#colorful', '#light', '#hike', '#aesthetic', '#calw', '#nagold', '#aesthetics', '#blackforest', '#travelphotography', '#canyongrail', '#cycling', '#teampixel', '#biking', '#canyon', '#gravelbike', '#outdoors', '#travelgram', '#instagram', '#travel', '#followformore']",Travel
pixel7pro pixel7 google teampixel blackforest cinematic landschaftsfotografie smartphone landscapephotography landscape sky mood moodoftheday travelling forest colorful light hike aesthetic aesthetics blackforest calw nagold travelphotography travelgram instagram travel followformore,"['#pixel7pro', '#pixel7', '#google', '#teampixel', '#blackforest', '#cinematic', '#landschaftsfotografie', '#smartphone', '#landscapephotography', '#landscape', '#sky', '#mood', '#moodoftheday', '#travelling', '#forest', '#colorful', '#light', '#hike', '#aesthetic', '#aesthetics', '#blackforest', '#calw', '#nagold', '#travelphotography', '#travelgram', '#instagram', '#travel', '#followformore']",Travel
travelling reisen nyc AnneFrank,"['#travelling', '#reisen', '#nyc', '#AnneFrank']",Travel
pixel7pro pixel7 google teampixel blackforest cinematic landschaftsfotografie smartphone landscapephotography landscape sky mood moodoftheday travelling forest colorful light hike aesthetic aesthetics blackforest calw nagold travelphotography travelgram instagram travel followformore,"['#pixel7pro', '#pixel7', '#google', '#teampixel', '#blackforest', '#cinematic', '#landschaftsfotografie', '#smartphone', '#landscapephotography', '#landscape', '#sky', '#mood', '#moodoftheday', '#travelling', '#forest', '#colorful', '#light', '#hike', '#aesthetic', '#aesthetics', '#blackforest', '#calw', '#nagold', '#travelphotography', '#travelgram', '#instagram', '#travel', '#followformore']",Travel
pixel7pro pixel7 google teampixel blackforest cinematic landschaftsfotografie smartphone landscapephotography landscape sky mood moodoftheday travelling forest colorful light hike aesthetic aesthetics blackforest calw nagold travelphotography travelgram instagram travel followformore,"['#pixel7pro', '#pixel7', '#google', '#teampixel', '#blackforest', '#cinematic', '#landschaftsfotografie', '#smartphone', '#landscapephotography', '#landscape', '#sky', '#mood', '#moodoftheday', '#travelling', '#forest', '#colorful', '#light', '#hike', '#aesthetic', '#aesthetics', '#blackforest', '#calw', '#nagold', '#travelphotography', '#travelgram', '#instagram', '#travel', '#followformore']",Travel
The irritating gentleman 1874 by Berthold Woltze German artist lived 1829 1896 Tch üòî Train Railway Travelling victorian victodons VictorianArt VictorianEra FineArt FashionHistory nuisance irritating Youth,"['#Train', '#Railway', '#Travelling', '#victorian', '#victodons', '#VictorianArt', '#VictorianEra', '#FineArt', '#FashionHistory', '#nuisance', '#irritating', '#Youth']",Travel
travelling reisen nyc UN Geb√§ude,"['#travelling', '#reisen', '#nyc']",Travel
blackforest cinematic landschaftsfotografie smartphone landscapephotography landscape sky mood moodoftheday travelling forest colorful light hike aesthetic calw nagold aesthetics blackforest travelphotography canyongrail teampixel biking canyon gravelbike outdoors travelgram instagram travel followformore,"['#blackforest', '#cinematic', '#landschaftsfotografie', '#smartphone', '#landscapephotography', '#landscape', '#sky', '#mood', '#moodoftheday', '#travelling', '#forest', '#colorful', '#light', '#hike', '#aesthetic', '#calw', '#nagold', '#aesthetics', '#blackforest', '#travelphotography', '#canyongrail', '#teampixel', '#biking', '#canyon', '#gravelbike', '#outdoors', '#travelgram', '#instagram', '#travel', '#followformore']",Travel
blackforest cinematic landschaftsfotografie smartphone landscapephotography landscape sky mood moodoftheday travelling forest colorful light hike aesthetic calw nagold aesthetics blackforest travelphotography insta360 biking canyon gravelbike outdoors travelgram instagram travel followformore,"['#blackforest', '#cinematic', '#landschaftsfotografie', '#smartphone', '#landscapephotography', '#landscape', '#sky', '#mood', '#moodoftheday', '#travelling', '#forest', '#colorful', '#light', '#hike', '#aesthetic', '#calw', '#nagold', '#aesthetics', '#blackforest', '#travelphotography', '#insta360', '#biking', '#canyon', '#gravelbike', '#outdoors', '#travelgram', '#instagram', '#travel', '#followformore']",Travel
blackforest cinematic landschaftsfotografie smartphone landscapephotography landscape sky mood moodoftheday travelling forest colorful light hike aesthetic calw nagold aesthetics blackforest travelphotography canyongrail teampixel biking canyon gravelbike outdoors travelgram instagram travel followformore,"['#blackforest', '#cinematic', '#landschaftsfotografie', '#smartphone', '#landscapephotography', '#landscape', '#sky', '#mood', '#moodoftheday', '#travelling', '#forest', '#colorful', '#light', '#hike', '#aesthetic', '#calw', '#nagold', '#aesthetics', '#blackforest', '#travelphotography', '#canyongrail', '#teampixel', '#biking', '#canyon', '#gravelbike', '#outdoors', '#travelgram', '#instagram', '#travel', '#followformore']",Travel
blackforest cinematic landschaftsfotografie smartphone landscapephotography landscape sky mood moodoftheday travelling forest colorful light hike aesthetic calw nagold aesthetics blackforest travelphotography canyongrail teampixel biking canyon gravelbike outdoors travelgram instagram travel followformore,"['#blackforest', '#cinematic', '#landschaftsfotografie', '#smartphone', '#landscapephotography', '#landscape', '#sky', '#mood', '#moodoftheday', '#travelling', '#forest', '#colorful', '#light', '#hike', '#aesthetic', '#calw', '#nagold', '#aesthetics', '#blackforest', '#travelphotography', '#canyongrail', '#teampixel', '#biking', '#canyon', '#gravelbike', '#outdoors', '#travelgram', '#instagram', '#travel', '#followformore']",Travel
Discover üéå Japan‚Äôs Hidden Gems 11 Best Places to Visit Sushi Samurai Ninja and Nintendo alojapan com 944188 discover f0 9f 8e 8c japans hidden gems 11 best places to visit sushi samurai ninja and nintendo bestplacetotravel flying jets Okinawa Okinawadestinations Okinawatour okinawatravel Okinawatrip Okinawavacation rv rvtravel top10placestotravel top12 travel traveltoAfrica traveltoasia traveltoeurope traveltonorthamerica traveltosouthamerica travelling usatravel whereshouldItravelto worstplacestotravel Ê≤ñÁ∏Ñ,"['#bestplacetotravel', '#flying', '#jets', '#Okinawa', '#Okinawadestinations', '#Okinawatour', '#okinawatravel', '#Okinawatrip', '#Okinawavacation', '#rv', '#rvtravel', '#top10placestotravel', '#top12', '#travel', '#traveltoAfrica', '#traveltoasia', '#traveltoeurope', '#traveltonorthamerica', '#traveltosouthamerica', '#travelling', '#usatravel', '#whereshouldItravelto', '#worstplacestotravel', '#Ê≤ñÁ∏Ñ']",Travel
travelling reisen la california Love Peace,"['#travelling', '#reisen', '#la', '#california']",Travel
pixel7pro pixel7 google teampixel blackforest cinematic landschaftsfotografie smartphone landscapephotography landscape sky mood moodoftheday travelling forest colorful light hike aesthetic aesthetics blackforest calw nagold travelphotography travelgram instagram travel followformore,"['#pixel7pro', '#pixel7', '#google', '#teampixel', '#blackforest', '#cinematic', '#landschaftsfotografie', '#smartphone', '#landscapephotography', '#landscape', '#sky', '#mood', '#moodoftheday', '#travelling', '#forest', '#colorful', '#light', '#hike', '#aesthetic', '#aesthetics', '#blackforest', '#calw', '#nagold', '#travelphotography', '#travelgram', '#instagram', '#travel', '#followformore']",Travel
pixel7pro pixel7 google teampixel blackforest cinematic landschaftsfotografie smartphone landscapephotography landscape sky mood moodoftheday travelling forest colorful light hike aesthetic aesthetics blackforest calw nagold travelphotography travelgram instagram travel followformore,"['#pixel7pro', '#pixel7', '#google', '#teampixel', '#blackforest', '#cinematic', '#landschaftsfotografie', '#smartphone', '#landscapephotography', '#landscape', '#sky', '#mood', '#moodoftheday', '#travelling', '#forest', '#colorful', '#light', '#hike', '#aesthetic', '#aesthetics', '#blackforest', '#calw', '#nagold', '#travelphotography', '#travelgram', '#instagram', '#travel', '#followformore']",Travel
blackforest cinematic landschaftsfotografie smartphone landscapephotography landscape sky mood moodoftheday travelling forest colorful light hike aesthetic calw nagold aesthetics blackforest travelphotography insta360 biking canyon gravelbike outdoors travelgram instagram travel followformore,"['#blackforest', '#cinematic', '#landschaftsfotografie', '#smartphone', '#landscapephotography', '#landscape', '#sky', '#mood', '#moodoftheday', '#travelling', '#forest', '#colorful', '#light', '#hike', '#aesthetic', '#calw', '#nagold', '#aesthetics', '#blackforest', '#travelphotography', '#insta360', '#biking', '#canyon', '#gravelbike', '#outdoors', '#travelgram', '#instagram', '#travel', '#followformore']",Travel
pixel7pro pixel7 google teampixel blackforest cinematic landschaftsfotografie smartphone landscapephotography landscape sky mood moodoftheday travelling forest colorful light hike aesthetic aesthetics blackforest calw nagold travelphotography travelgram instagram travel followformore,"['#pixel7pro', '#pixel7', '#google', '#teampixel', '#blackforest', '#cinematic', '#landschaftsfotografie', '#smartphone', '#landscapephotography', '#landscape', '#sky', '#mood', '#moodoftheday', '#travelling', '#forest', '#colorful', '#light', '#hike', '#aesthetic', '#aesthetics', '#blackforest', '#calw', '#nagold', '#travelphotography', '#travelgram', '#instagram', '#travel', '#followformore']",Travel
pixel7pro pixel7 google teampixel blackforest cinematic landschaftsfotografie smartphone landscapephotography landscape sky mood moodoftheday travelling forest colorful light hike aesthetic aesthetics blackforest calw nagold travelphotography travelgram instagram travel followformore,"['#pixel7pro', '#pixel7', '#google', '#teampixel', '#blackforest', '#cinematic', '#landschaftsfotografie', '#smartphone', '#landscapephotography', '#landscape', '#sky', '#mood', '#moodoftheday', '#travelling', '#forest', '#colorful', '#light', '#hike', '#aesthetic', '#aesthetics', '#blackforest', '#calw', '#nagold', '#travelphotography', '#travelgram', '#instagram', '#travel', '#followformore']",Travel
pixel7pro pixel7 google teampixel blackforest cinematic landschaftsfotografie smartphone landscapephotography landscape sky mood moodoftheday travelling forest colorful light hike aesthetic aesthetics blackforest calw nagold travelphotography travelgram instagram travel followformore,"['#pixel7pro', '#pixel7', '#google', '#teampixel', '#blackforest', '#cinematic', '#landschaftsfotografie', '#smartphone', '#landscapephotography', '#landscape', '#sky', '#mood', '#moodoftheday', '#travelling', '#forest', '#colorful', '#light', '#hike', '#aesthetic', '#aesthetics', '#blackforest', '#calw', '#nagold', '#travelphotography', '#travelgram', '#instagram', '#travel', '#followformore']",Travel
blackforest cinematic landschaftsfotografie smartphone landscapephotography landscape sky mood moodoftheday travelling forest colorful light hike aesthetic calw nagold aesthetics blackforest travelphotography insta360 biking canyon gravelbike outdoors travelgram instagram travel followformore,"['#blackforest', '#cinematic', '#landschaftsfotografie', '#smartphone', '#landscapephotography', '#landscape', '#sky', '#mood', '#moodoftheday', '#travelling', '#forest', '#colorful', '#light', '#hike', '#aesthetic', '#calw', '#nagold', '#aesthetics', '#blackforest', '#travelphotography', '#insta360', '#biking', '#canyon', '#gravelbike', '#outdoors', '#travelgram', '#instagram', '#travel', '#followformore']",Travel
pixel7pro pixel7 google teampixel blackforest cinematic landschaftsfotografie smartphone landscapephotography landscape sky mood moodoftheday travelling forest colorful light hike aesthetic aesthetics blackforest calw nagold travelphotography travelgram instagram travel followformore,"['#pixel7pro', '#pixel7', '#google', '#teampixel', '#blackforest', '#cinematic', '#landschaftsfotografie', '#smartphone', '#landscapephotography', '#landscape', '#sky', '#mood', '#moodoftheday', '#travelling', '#forest', '#colorful', '#light', '#hike', '#aesthetic', '#aesthetics', '#blackforest', '#calw', '#nagold', '#travelphotography', '#travelgram', '#instagram', '#travel', '#followformore']",Travel
pixel7pro pixel7 google teampixel blackforest cinematic landschaftsfotografie smartphone landscapephotography landscape sky mood moodoftheday travelling forest colorful light hike aesthetic aesthetics blackforest calw nagold travelphotography travelgram instagram travel followformore,"['#pixel7pro', '#pixel7', '#google', '#teampixel', '#blackforest', '#cinematic', '#landschaftsfotografie', '#smartphone', '#landscapephotography', '#landscape', '#sky', '#mood', '#moodoftheday', '#travelling', '#forest', '#colorful', '#light', '#hike', '#aesthetic', '#aesthetics', '#blackforest', '#calw', '#nagold', '#travelphotography', '#travelgram', '#instagram', '#travel', '#followformore']",Travel
pixel7pro pixel7 google teampixel blackforest cinematic landschaftsfotografie smartphone landscapephotography landscape sky mood moodoftheday travelling forest colorful light hike aesthetic aesthetics blackforest calw nagold travelphotography travelgram instagram travel followformore,"['#pixel7pro', '#pixel7', '#google', '#teampixel', '#blackforest', '#cinematic', '#landschaftsfotografie', '#smartphone', '#landscapephotography', '#landscape', '#sky', '#mood', '#moodoftheday', '#travelling', '#forest', '#colorful', '#light', '#hike', '#aesthetic', '#aesthetics', '#blackforest', '#calw', '#nagold', '#travelphotography', '#travelgram', '#instagram', '#travel', '#followformore']",Travel
blackforest cinematic landschaftsfotografie smartphone landscapephotography landscape sky mood moodoftheday travelling forest colorful light hike aesthetic calw nagold aesthetics blackforest travelphotography insta360 biking canyon gravelbike outdoors travelgram instagram travel followformore,"['#blackforest', '#cinematic', '#landschaftsfotografie', '#smartphone', '#landscapephotography', '#landscape', '#sky', '#mood', '#moodoftheday', '#travelling', '#forest', '#colorful', '#light', '#hike', '#aesthetic', '#calw', '#nagold', '#aesthetics', '#blackforest', '#travelphotography', '#insta360', '#biking', '#canyon', '#gravelbike', '#outdoors', '#travelgram', '#instagram', '#travel', '#followformore']",Travel
Pushing thru these heavy mileage loading marathon training weeks when legs feel infused with lead running beach runnersofmastodon Marathon,"['#running', '#beach', '#runnersofmastodon', '#Marathon']",Travel
un petit coucou √† mes mastodontes pr√©f√©r√©s depuis la plage bisous bisous nsfw sexy erotic beach playa string nude,"['#nsfw', '#sexy', '#erotic', '#beach', '#playa', '#string', '#nude']",Travel
ùö†ùöäùöïùöîùöíùöóùöê ùöòùöó ùöùùöëùöé ùöúùöëùöòùöõùöé dog dogs dogsofmastodon photo photography photooftheday cute fediart fediverse mastodogs mastodon fedidogs nature sea beach artlover mastoart art 5ottobre,"['#dog', '#dogs', '#dogsofmastodon', '#photo', '#photography', '#photooftheday', '#cute', '#fediart', '#fediverse', '#mastodogs', '#mastodon', '#fedidogs', '#nature', '#sea', '#beach', '#artlover', '#mastoart', '#art', '#5ottobre']",Travel
PamelaAnderson DavidHasselhoff in Season 4 Episode 3 Lover s Cove RandomBaywatch lvdlpx Baywatch sun sea sand 90s The90s beach Lifeguards Babewatch w2340 LoversCove BaywatchBabes WaterSafety EyeCandy,"['#PamelaAnderson', '#DavidHasselhoff', '#RandomBaywatch', '#lvdlpx', '#Baywatch', '#sun', '#sea', '#sand', '#90s', '#The90s', '#beach', '#Lifeguards', '#Babewatch', '#w2340', '#LoversCove', '#BaywatchBabes', '#WaterSafety', '#EyeCandy']",Travel
Beach day photography lake water beach,"['#photography', '#lake', '#water', '#beach']",Travel
I knew it was going to be pretty hot yesterday so I took a half day went up to Ipswich MA to Crane Beach At this time of year whenever it‚Äôs warm enough it‚Äôs fun trying to catch that last great beach day IpswichMA massachusetts beaches beach CraneBeach Here‚Äôs a video w sound of place where the beach kind of comes to a point the waves change directions cross each other about where Plum Island Sound shifts into the Gulf of Maine,"['#IpswichMA', '#massachusetts', '#beaches', '#beach', '#CraneBeach']",Travel
Rusty Ring Sea anemone eating a crab rustyring blogspot com 2023 10 ww sea anemone eating crab html spref ma beach marinebiology invertebrate PugetSound NorthPacific WordlessWednesday,"['#beach', '#marinebiology', '#invertebrate', '#PugetSound', '#NorthPacific', '#WordlessWednesday']",Travel
Seaside seat flickr com photos woolamaloo g azette 53234739981 in photostream Lady enjoying a seat on Porty Beach Edinburgh Edimbourg photography StreetPhotography beach plage PortobelloBeach PeopleWatching BlackAndWhitePhotography FirthOfForth,"['#Edinburgh', '#Edimbourg', '#photography', '#StreetPhotography', '#beach', '#plage', '#PortobelloBeach', '#PeopleWatching', '#BlackAndWhitePhotography', '#FirthOfForth']",Travel
A seaside stroll on Porty Beach flickr com photos woolamaloo g azette 53235042913 in dateposted Portobello Edinburgh Edimbourg photography StreetPhotography PortobelloBeach Beach Plage PeopleWatching,"['#Portobello', '#Edinburgh', '#Edimbourg', '#photography', '#StreetPhotography', '#PortobelloBeach', '#Beach', '#Plage', '#PeopleWatching']",Travel
Dear Friends This is a sand and gravel beach on Long Island Sound near where I live The smokeStacks in the distance are an 1960s era gas and oil capable fired power plant still in use but nowhere near full capacity Enjoy No high stakes social commentary is intended It s just a photo Best ESM meermittwoch SeaWednesday beach LongIsland LongIslandSound NewYork photography PhotoResearcher,"['#smokeStacks', '#meermittwoch', '#SeaWednesday', '#beach', '#LongIsland', '#LongIslandSound', '#NewYork', '#photography', '#PhotoResearcher']",Travel
Goodnight fine friends Sunset over Kaka ako waterfront photography ART deborah league pixels com feat ured sunset over kakaako waterfront park deborah league html mastodonart mastoart ayearforart buyintoart fallforart photography hawaii wallart art artwork fediart fedigiftshop artboster sunset beach coastal nature naturephotography,"['#mastodonart', '#mastoart', '#ayearforart', '#buyintoart', '#fallforart', '#photography', '#hawaii', '#wallart', '#art', '#artwork', '#fediart', '#fedigiftshop', '#artboster', '#sunset', '#beach', '#coastal', '#nature', '#naturephotography']",Travel
Walk walk walking beach outdoors waterfront PNW nature photography westbeach sunsetbeach,"['#walk', '#walking', '#beach', '#outdoors', '#waterfront', '#PNW', '#nature', '#photography', '#westbeach', '#sunsetbeach']",Travel
Walk walk walking beach outdoors waterfront PNW nature photography oakharbor citybeachpark windjammerpark sunny sunshine,"['#walk', '#walking', '#beach', '#outdoors', '#waterfront', '#PNW', '#nature', '#photography', '#oakharbor', '#citybeachpark', '#windjammerpark', '#sunny', '#sunshine']",Travel
This Sensational Six Mile Stretch is Massachusetts Longest Beach fun107 com this sensational si x mile stretch is massachusetts longest beach During beach season Memorial Day through Labor Day parking passes from Barnstable or Sandwich are required to park at Sandy Neck Beach After Labor Day however only those looking to park campers or drive off road vehicles on the beach need passes to do so,"['#Massachusetts', '#Beach']",Travel
Miguel Oliveira Point and Shoot ETHER 6 by MiguelOliveiraPhoto tmblr co Z7VXvxeYRmdPKa00 ether dance surf praia beach waves lesdiables dancer bw dan√ßa flickr thingsdavidlikes,"['#ether', '#dance', '#surf', '#praia', '#beach', '#waves', '#lesdiables', '#dancer', '#bw', '#dan√ßa', '#flickr', '#thingsdavidlikes']",Travel
South Beach at sunrise His job was to pick up debris with a sharp pole but instead of tossing it all he was feeding a flock of seagulls They grabbed a bite right off of the stick Photography Fotographie Photo SouthBeach MiamiBeach Miami Color Photography NaturePhotography BirdPhotography Nature Birds Beach LandscapePhotography,"['#Photography', '#Fotographie', '#Photo', '#SouthBeach', '#MiamiBeach', '#Miami', '#Color', '#Photography', '#NaturePhotography', '#BirdPhotography', '#Nature', '#Birds', '#Beach', '#LandscapePhotography']",Travel
Pelicans and surf near Dry Lagoon Humboldt County California MeerMittwoch californiacoast photography beach Pacific pelican birds,"['#California', '#MeerMittwoch', '#californiacoast', '#photography', '#beach', '#Pacific', '#pelican', '#birds']",Travel
The beach along the coast of the GulfofOman in Oman A daily photo from my archives bewarethecheese com photography travel asia middleeast,"['#beach', '#GulfofOman', '#Oman', '#photography', '#travel', '#asia', '#middleeast']",Travel
Growing up in Massachusetts Cape Cod has always been a big part of our lives hope you enjoy this one called Lighthouse By The Sea Happy Wednesday Can Be Purchased Here tina lecour pixels com feature d lighthouse by the sea tina lecour html ocean lighthouse sea massachusetts mastoart fediart fedigiftshop artbooster creativetoots art artist arte artwork watercolor wallart artforsale homedecor interiordesign beach giftideas buyintoart ayearforart,"['#ocean', '#lighthouse', '#sea', '#massachusetts', '#mastoart', '#fediart', '#fedigiftshop', '#artbooster', '#creativetoots', '#art', '#artist', '#arte', '#artwork', '#watercolor', '#wallart', '#artforsale', '#homedecor', '#interiordesign', '#beach', '#giftideas', '#buyintoart', '#ayearforart']",Travel
California Central Coast Photographer Jon Pinter photography photographyisanart PhotoOfTheDay fotografie fotografia potd coast coastlife coastal beach beachlife meer meermitwoch california olympus californialiving californiacoast californiaholics californiaphotographer californiabeach californiavibes californialivin californiaphotography,"['#photography', '#photographyisanart', '#PhotoOfTheDay', '#fotografie', '#fotografia', '#potd', '#coast', '#coastlife', '#coastal', '#beach', '#beachlife', '#meer', '#meermitwoch', '#california', '#olympus', '#californialiving', '#californiacoast', '#californiaholics', '#californiaphotographer', '#californiabeach', '#californiavibes', '#californialivin', '#californiaphotography']",Travel
Pacific Morning Photographer Jon Pinter photography photographyisanart PhotoOfTheDay fotografie fotografia potd coast coastlife coastal beach beachlife meer meermitwoch california olympus californialiving californiacoast californiaholics californiaphotographer californiabeach californiavibes californialivin californiaphotography,"['#photography', '#photographyisanart', '#PhotoOfTheDay', '#fotografie', '#fotografia', '#potd', '#coast', '#coastlife', '#coastal', '#beach', '#beachlife', '#meer', '#meermitwoch', '#california', '#olympus', '#californialiving', '#californiacoast', '#californiaholics', '#californiaphotographer', '#californiabeach', '#californiavibes', '#californialivin', '#californiaphotography']",Travel
Here in the UK people seem to be happy to go into the sea whatever the weather Not me though I prefer a lot less wind and a lot more warmth I don t remember ever feeling like being in the water on a day like this MeerMittwoch Photography Seascape Beach Psychogeography,"['#MeerMittwoch', '#Photography', '#Seascape', '#Beach', '#Psychogeography']",Travel
8K HDR Beautiful Spots in Yoron Island Kagoshima Prefecture alojapan com 948093 8k hdr bea utiful spots in yoron island kagoshima prefecture 4k 4khd 4kultrahd 8K 8KHDR beach hdr Japan Kagoshima Kagoshimadestinations Kagoshimatour Kagoshimatravel Kagoshimatrip Kagoshimavacation ocean yoron yoronjima „É®„É≠„É≥Â≥∂ ‰∏éË´ñÂ≥∂ Êó•Êú¨ ÈπøÂÖêÂ≥∂,"['#4k', '#4khd', '#4kultrahd', '#8K', '#8KHDR', '#beach', '#hdr', '#Japan', '#Kagoshima', '#Kagoshimadestinations', '#Kagoshimatour', '#Kagoshimatravel', '#Kagoshimatrip', '#Kagoshimavacation', '#ocean', '#yoron', '#yoronjima', '#„É®„É≠„É≥Â≥∂', '#‰∏éË´ñÂ≥∂', '#Êó•Êú¨', '#ÈπøÂÖêÂ≥∂']",Travel
Come on we re almost done tired mouse noises from the rear ¬© furaffinity net user goldenace x furry furryart Rabbit mouse dragon jogging beach street ass beachhouse sunset palmtrees feet,"['#furry', '#furryart', '#Rabbit', '#mouse', '#dragon', '#jogging', '#beach', '#street', '#ass', '#beachhouse', '#sunset', '#palmtrees', '#feet']",Travel
Heading Out Photographer Jon Pinter kayak kayaking paddle photography photographyisanart PhotoOfTheDay fotografie fotografia potd coast coastlife coastal beach beachlife meer meermitwoch california olympus californialiving californiacoast californiaholics californiaphotographer californiabeach californiavibes californialivin californiaphotography sunset sunsetphotography,"['#kayak', '#kayaking', '#paddle', '#photography', '#photographyisanart', '#PhotoOfTheDay', '#fotografie', '#fotografia', '#potd', '#coast', '#coastlife', '#coastal', '#beach', '#beachlife', '#meer', '#meermitwoch', '#california', '#olympus', '#californialiving', '#californiacoast', '#californiaholics', '#californiaphotographer', '#californiabeach', '#californiavibes', '#californialivin', '#californiaphotography', '#sunset', '#sunsetphotography']",Travel
Warm enough in southern New England today for roaming the beach Beach Nature Landscape NaturePhotography LandscapePhotography Photography,"['#Beach', '#Nature', '#Landscape', '#NaturePhotography', '#LandscapePhotography', '#Photography']",Travel
Gr√≥tta lighthouse photography iceland lighthouse landscape LandscapePhotography seascape calm beach longexposure,"['#photography', '#iceland', '#lighthouse', '#landscape', '#LandscapePhotography', '#seascape', '#calm', '#beach', '#longexposure']",Travel
The Wave Wall along Ft Lauderdale Beach leads the eye to the scenic view of the ocean the lifeguard station behind the seagrass and the palm trees with their fronts waving in the breeze The iconic 2 mile long Wave Wall and Promenade at Ft Lauderdale Beach Park was built in the 1980‚Äôs to compliment the ocean view and offer a place to sit Catch Some Waves chrystyne novack pixels com fe atured catch some waves ft lauderdale beach chrystyne novack html Photography Fotograf√≠a BuyIntoArt AYearForArt Mastodon Photographie Travel Beach,"['#Photography', '#Fotograf√≠a', '#BuyIntoArt', '#AYearForArt', '#Mastodon', '#Photographie', '#Travel', '#Beach']",Travel
I believe I can fly flickr com photos woolamaloo g azette 53232223921 in photostream Woman throwing herself after the ball Porty Beach Portobello Edinburgh Edimbourg photography beach plage BeachVolleyball,"['#Portobello', '#Edinburgh', '#Edimbourg', '#photography', '#beach', '#plage', '#BeachVolleyball']",Travel
Might as well jump üéµ flickr com photos woolamaloo g azette 53232523713 in dateposted Beach volleyball player leaping for the ball Porty Beach Portobello Edinburgh Edimbourg photography beach plage,"['#Portobello', '#Edinburgh', '#Edimbourg', '#photography', '#beach', '#plage']",Travel
Walking into the wind along Hamble Shore on Tuesday afternoon A really narrow section of beach up ahead and an overhanging tree to negotiate Yes I could have taken the path instead beach hamble southamptonwater walk walking,"['#beach', '#hamble', '#southamptonwater', '#walk', '#walking']",Travel
Seal watching on Horsey Beach photography photo coast sea beach norfolk sand seal cloud horsey people flic kr p 2p6VnQP,"['#photography', '#photo', '#coast', '#sea', '#beach', '#norfolk', '#sand', '#seal', '#cloud', '#horsey', '#people']",Travel
Ocean Beach down by the water in the swimmers area yesterday SanDiego Beach Panorama,"['#SanDiego', '#Beach', '#Panorama']",Travel
The more we do the more we can do William Hazlitt ‚¨Ü Quotes WilliamHazlitt Achievement ‚¨á Photography Panorama Sealions Beach Galapagos,"['#Quotes', '#WilliamHazlitt', '#Achievement', '#Photography', '#Panorama', '#Sealions', '#Beach', '#Galapagos']",Travel
Fish eye fun fisheye photography sculpture photo funny sunset,"['#fisheye', '#photography', '#sculpture', '#photo', '#funny', '#sunset']",Travel
You ve gotta dance like there s nobody watching Love like you ll never be hurt Sing like there s nobody listening And live like it s heaven on earth William W Purkey Brooklyn Bridge NYC ¬©Ô∏è dylanwaalker photooftheday photo photography streetphotography NightPhotography quotes mastoart sunset,"['#NYC', '#photooftheday', '#photo', '#photography', '#streetphotography', '#NightPhotography', '#quotes', '#mastoart', '#sunset']",Travel
Downtown Sunset MastoArt photography sunset streetphotography,"['#MastoArt', '#photography', '#sunset', '#streetphotography']",Travel
A few rays of sun returned just as the Fourth Day of Sukkot drew to a close We sought to bring in chesed sh b hod the loving kindness within majesty as Day Four set into Day Five and we welcomed ushpizin ila in v ushpizata ila ata male and female guests of the higher realms tonight in the form of Aaron and Devorah along with this worldly Portland ushipzin and ushpizata our local friends jewish judaism joy sunset etrog,"['#Sukkot', '#jewish', '#judaism', '#joy', '#sunset', '#etrog']",Travel
Light bulb moment sunset oceanview architecture elporto manhattanbeach notnorth losangeles mydayinla beachlife southbay socal california dontgiveup osoporto com,"['#sunset', '#oceanview', '#architecture', '#elporto', '#manhattanbeach', '#notnorth', '#losangeles', '#mydayinla', '#beachlife', '#southbay', '#socal', '#california', '#dontgiveup']",Travel
We must abandon the prevalent belief in the superior wisdom of the ignorant Daniel Boorstin ‚¨Ü Quotes DanielBoorstin Ignorance Wisdom ‚¨á Photography Panorama Sunset Florida,"['#Quotes', '#DanielBoorstin', '#Ignorance', '#Wisdom', '#Photography', '#Panorama', '#Sunset', '#Florida']",Travel
Tonight s sunset in Bellingham was pretty rad BellinghamWA PNW Sunset WAwx,"['#BellinghamWA', '#PNW', '#Sunset', '#WAwx']",Travel
Today‚Äôs sunset view of the SF skyline finds me much calmer than yesterday,['#sunset'],Travel
Sunset heron 80F on the lake this evening If this was the last summertime feeling sunset of the year it was a good one Oct 4 2023 Wolverine Lake Michigan sunset sunsetphotography lake lakes bird birds heron herons birdphotography michigan puremichigan,"['#sunset', '#sunsetphotography', '#lake', '#lakes', '#bird', '#birds', '#heron', '#herons', '#birdphotography', '#michigan', '#puremichigan']",Travel
Today s Washington DC sunset time lapse with Mostly Clear conditions and 79 0¬∞F 26 1¬∞C DCwx,"['#sunset', '#DCwx']",Travel
A Dalmatian running alone in the sunset sun Playa Jac√≥ Costa Rica October 23rd 2014 Photo by me CostaRica Sunset PuraVida,"['#CostaRica', '#Sunset', '#PuraVida']",Travel
ottawa sunset photography,"['#ottawa', '#sunset', '#photography']",Travel
Sunset Boats in Crosshaven Sunset over the boats moored in Crosshaven Co Cork inphotos org 2023 10 04 sunset boats in crosshaven cork ireland sunset crosshaven photo photography sunset sun,"['#cork', '#ireland', '#sunset', '#crosshaven', '#photo', '#photography', '#sunset', '#sun']",Travel
Goodnight fine friends Sunset over Kaka ako waterfront photography ART deborah league pixels com feat ured sunset over kakaako waterfront park deborah league html mastodonart mastoart ayearforart buyintoart fallforart photography hawaii wallart art artwork fediart fedigiftshop artboster sunset beach coastal nature naturephotography,"['#mastodonart', '#mastoart', '#ayearforart', '#buyintoart', '#fallforart', '#photography', '#hawaii', '#wallart', '#art', '#artwork', '#fediart', '#fedigiftshop', '#artboster', '#sunset', '#beach', '#coastal', '#nature', '#naturephotography']",Travel
First run after the weekend 50K race I planned for a chill recovery run but it surprised me that the exhaustion was already gone and my legs wanted to go fast üèéÔ∏è I made it to the lookout tower just in time to take some cool sunset photos yay running,"['#sunset', '#running']",Travel
I call this one Full Sail because the wind was so strong the waters so vivid and the sunset so low and bright on this February day in the Florida Strait One of the most fun evenings I ever spent üòç art photography sail sailboat sailing sunset sunsetcruise Florida FloridaStrait sea ocean seafaring travel,"['#art', '#photography', '#sail', '#sailboat', '#sailing', '#sunset', '#sunsetcruise', '#Florida', '#FloridaStrait', '#sea', '#ocean', '#seafaring', '#travel']",Travel
Se aika vuodesta ett√§ auringonlasku tulee ennenkuin luulisikaan üôÇ sunset finland kellokoski lake,"['#sunset', '#finland', '#kellokoski', '#lake']",Travel
Sunset reflections on an evening walk in Novigrad Sunset Novigrad Croatia Travel Photography,"['#Sunset', '#Novigrad', '#Croatia', '#Travel', '#Photography']",Travel
Sunset of the day view from my balcony a few minutes ago üåÖ Sunset Photography twilight Sky dusk,"['#Sunset', '#Photography', '#twilight', '#Sky', '#dusk']",Travel
Quelle m√©t√©o √† l heure du couch√© du soleil SainBel meteodujour meteo sunset rhone webcam t co WJXBBH1NSX,"['#SainBel', '#meteodujour', '#meteo', '#sunset', '#rhone', '#webcam']",Travel
Here s a photo I took on one of our recent trips to Savannah Georgia This was taken on the Savannah River at sunset ùêíùêîùêçùêíùêÑùêì ùêéùêïùêÑùêë ùêíùêÄùêïùêÄùêçùêçùêÄùêá ùêëùêàùêïùêÑùêë ‚ù§Ô∏è ‚ù§Ô∏è ‚ù§Ô∏è See more at shelia hunt pixels com feature d sunset over savannah river i shelia hunt html Savannah SavannahGA SavannahGeorgia sunset SavannahRiver BuyIntoArt fineart,"['#Savannah', '#SavannahGA', '#SavannahGeorgia', '#sunset', '#SavannahRiver', '#BuyIntoArt', '#fineart']",Travel
sunset,['#sunset'],Travel
sunset,['#sunset'],Travel
Sunset today,['#Sunset'],Travel
so Dunst habe ich heute ausreichend viel fotografiert gardasee photography mist sunset,"['#gardasee', '#photography', '#mist', '#sunset']",Travel
Abandoned but not forgotten This Golden Country House in Azores Art Print is here marco sales pixels com feature d abandoned country house in the azores sunset marco sales html abandoned house sunset landscape photography photo art prints artprint photoart artwork wallart GiftIdeas homedecor artMatters aYerforArt BuyIntoArt mastoart mastodonart poster,"['#abandoned', '#house', '#sunset', '#landscape', '#photography', '#photo', '#art', '#prints', '#artprint', '#photoart', '#artwork', '#wallart', '#GiftIdeas', '#homedecor', '#artMatters', '#aYerforArt', '#BuyIntoArt', '#mastoart', '#mastodonart', '#poster']",Travel
Sunset over Cologne Germany By Ion Sheremet ¬© art river Cologne Germany sunset,"['#art', '#river', '#Cologne', '#Germany', '#sunset']",Travel
Attraction üìç Torbiere del Sebino Brescia Italy March 2023 landscape landscapePhotography photography sunset goldenHour lake pond swamp italy,"['#landscape', '#landscapePhotography', '#photography', '#sunset', '#goldenHour', '#lake', '#pond', '#swamp', '#italy']",Travel
The sun is shining and it s A Fine Day for Sailing can be purchased here peggy collins pixels com featu red a fine day for sailing peggy collins html sailing boats sunset ocean colorful art arte artist lifestyle outdoors canadian canada artforsale MastodonArt FediGiftShop MastoArt FediArt BuyIntoArt AYearForArt,"['#sailing', '#boats', '#sunset', '#ocean', '#colorful', '#art', '#arte', '#artist', '#lifestyle', '#outdoors', '#canadian', '#canada', '#artforsale', '#MastodonArt', '#FediGiftShop', '#MastoArt', '#FediArt', '#BuyIntoArt', '#AYearForArt']",Travel
Travelling to Barking I always enjoy meeting dogs on the London Underground They bring smiles conversations to sombre train carriages Astro ‚ÄòBug‚Äô Russell was a joy posed handsomely for a tube portrait The Cavalier Poodle mix even has an Instagram account streetphotography streetphoto railway photography photographer london mastoart art underground londonunderground potd dogs dogsofmastodon dog,"['#streetphotography', '#streetphoto', '#railway', '#photography', '#photographer', '#london', '#mastoart', '#art', '#underground', '#londonunderground', '#potd', '#dogs', '#dogsofmastodon', '#dog']",Travel
Two sisters capture the beauty of Ukraine‚Äôs villages before it‚Äôs gone Svitlana Oslavska and Anna Ilchenko embarked on a mission in 2020 to document Ukraine‚Äôs villages before they were lost to time and war The journalist photographer duo has visited nearly 100 villages across Ukraine over the past three years including villages in Luhansk Oblast that have since fallen under russian occupation and now destroyed villages in Kherson Oblast Read more hereüîó kyivindependent com two sister s capture the beauty of ukraines villages before its gone,"['#journalist', '#photographer', '#Ukraine', '#Luhansk', '#Kherson']",Travel
Also went outside to snag some more photographs annnnnd grabbed another unidentified mushroom that I m currently taking a spore print from art artist fujifilm diy creative photography photographer adhd neurodivergent nature naturephotography natura photo botany plants nature science plant horticulture naturelovers plantlife green flora leaf fungi mushrooms mycology ivy berries bokeh digitalphotography digital toopoorforfilm biology agoraphobia,"['#art', '#artist', '#fujifilm', '#diy', '#creative', '#photography', '#photographer', '#adhd', '#neurodivergent', '#nature', '#naturephotography', '#natura', '#photo', '#botany', '#plants', '#nature', '#science', '#plant', '#horticulture', '#naturelovers', '#plantlife', '#green', '#flora', '#leaf', '#fungi', '#mushrooms', '#mycology', '#ivy', '#berries', '#bokeh', '#digitalphotography', '#digital', '#toopoorforfilm', '#biology', '#agoraphobia']",Travel
Trying out some ink rubbings today The last image is a BTS shot of the log I rolled ink on for a pressing art artist printmaking fujifilm diy creative photography photographer print handmade adhd neurodivergent nature naturephotography natura photo botany plants nature science plant horticulture naturelovers plantlife green flora leaf arboriculture dendrology,"['#art', '#artist', '#printmaking', '#fujifilm', '#diy', '#creative', '#photography', '#photographer', '#print', '#handmade', '#adhd', '#neurodivergent', '#nature', '#naturephotography', '#natura', '#photo', '#botany', '#plants', '#nature', '#science', '#plant', '#horticulture', '#naturelovers', '#plantlife', '#green', '#flora', '#leaf', '#arboriculture', '#dendrology']",Travel
Grape Agate mymodernmet com grape agate cr ystal Photo Stock Photos from Albert Russ Shutterstock Geology GeologyPage Nature minerals crystals gems Nature NatureLovers NaturePhotography Photographer,"['#Grape', '#Agate', '#Geology', '#GeologyPage', '#Nature', '#minerals', '#crystals', '#gems', '#Nature', '#NatureLovers', '#NaturePhotography', '#Photographer']",Travel
Grape Agate I m soooo in love üòç en wikipedia org wiki Grape Ag ate Geology GeologyPage Nature minerals crystals gems Nature NatureLovers NaturePhotography Photographer,"['#Grape', '#Agate', '#Geology', '#GeologyPage', '#Nature', '#minerals', '#crystals', '#gems', '#Nature', '#NatureLovers', '#NaturePhotography', '#Photographer']",Travel
The leaf insect A member of the genus Cryptophyllium this insect‚Äôs color and shape help it masquerade as foliage to hide from predators By AnimalPhotography NaturePhotography Plant Plants Flower Flowers Animal Animals Wildlife WildlifePhotography Photographer,"['#insect', '#AnimalPhotography', '#NaturePhotography', '#Plant', '#Plants', '#Flower', '#Flowers', '#Animal', '#Animals', '#Wildlife', '#WildlifePhotography', '#Photographer']",Travel
The Hammer headed bat can live to be up to 30 years old with a wingspan of almost 1 meter in length By AnimalPhotography NaturePhotography Plant Plants Flower Flowers Animal Animals Wildlife WildlifePhotography Photographer,"['#bat', '#AnimalPhotography', '#NaturePhotography', '#Plant', '#Plants', '#Flower', '#Flowers', '#Animal', '#Animals', '#Wildlife', '#WildlifePhotography', '#Photographer']",Travel
Amazing Grape Agate from Indonesia üçáüçáüçá Photo copyright ¬© Chille Maulidhaa By GeologyWonders Geology GeologyPage Nature minerals crystals gems Nature NatureLovers NaturePhotography Photographer,"['#Grape', '#Agate', '#Indonesia', '#GeologyWonders', '#Geology', '#GeologyPage', '#Nature', '#minerals', '#crystals', '#gems', '#Nature', '#NatureLovers', '#NaturePhotography', '#Photographer']",Travel
Thundereggs usually look like ordinary rocks on the outside but slicing them in half and polishing them may reveal intricate patterns and colors geologyin com 2020 05 thundere gg ordinary rocks with crystal html fbclid IwAR2JQG fmoExZ4ObsvQP0N7W Z9O0zQX57X3MEI1z Wxj9XSqdkxfkyohX4 By GeologyWonders Geology GeologyPage Nature minerals crystals gems Nature NatureLovers NaturePhotography Photographer,"['#Thundereggs', '#GeologyWonders', '#Geology', '#GeologyPage', '#Nature', '#minerals', '#crystals', '#gems', '#Nature', '#NatureLovers', '#NaturePhotography', '#Photographer']",Travel
Fotograf√≠a Photography Photographie Fotos Photos Photographer Mastofotograf√≠a Mastophotography Mastophotos FreddyFabris üì∏ Freddy Fabris The Renaissance Series The creation of Adam,"['#Fotograf√≠a', '#Photography', '#Photographie', '#Fotos', '#Photos', '#Photographer', '#Mastofotograf√≠a', '#Mastophotography', '#Mastophotos', '#FreddyFabris']",Travel
Drink time I ve seen this female red bellied woodpecker Melanerpes carolinus around a lot lately But I haven t seen the male That doesn t mean that he isn t around Of course the idea that I m seeing the same female is an assumbption photo photography photographer photographylovers birds birdsofmastodon birdwatching RedBelliedWoodpecker,"['#photo', '#photography', '#photographer', '#photographylovers', '#birds', '#birdsofmastodon', '#birdwatching', '#RedBelliedWoodpecker']",Travel
Catch of the day 20231004 These are some pretty sad photos I mean the bird is happy but the photographer not as much But on the up side I got a piece of ths pileated woodpecker Dryocopus pileatus dashing across the sky The way it suddenly busted out from over the trees made it difficult to get a bead on the bird photo photography photographer photographylovers birds birdsofmastodon birdwatching pileatedwoodpecker,"['#photo', '#photography', '#photographer', '#photographylovers', '#birds', '#birdsofmastodon', '#birdwatching', '#pileatedwoodpecker']",Travel
Saturn over Italy on Oct 1 ‚Ä¢ 21 mm eyepiece f 7 9 telescope ‚Ä¢ ISO 400 S 1 20 ‚Ä¢ Deepness and sharpness improved ‚Ä¢ Color levels adjusted ‚Ä¢ Shadows and lights lighten astronomypictures Astrophotography pictures photography photo photographer PHOTOS,"['#astronomypictures', '#Astrophotography', '#pictures', '#photography', '#photo', '#photographer', '#PHOTOS']",Travel
Full harvest moon over Italy on Sep 28 ‚Ä¢ 21 mm eyepiece f 7 9 telescope ‚Ä¢ ISO 320 S 1 160 ‚Ä¢ Deepness colors and sharpness improved ‚Ä¢ Shadows darkened astronomypictures Astrophotography pictures photography photo photographer PHOTOS,"['#astronomypictures', '#Astrophotography', '#pictures', '#photography', '#photo', '#photographer', '#PHOTOS']",Travel
The M2 globular cluster over Italy on Oct 2 ‚Ä¢ 21 mm eyepiece f 7 9 telescope ‚Ä¢ ISO 6400 S 4 ‚Ä¢ 0 5x focal reducer ‚Ä¢ Deepness clearness whites improved ‚Ä¢ Contrast on stars ‚Ä¢ Shadows darkened ‚Ä¢ Noise minimized astronomypictures Astrophotography pictures photography photo photographer PHOTOS,"['#astronomypictures', '#Astrophotography', '#pictures', '#photography', '#photo', '#photographer', '#PHOTOS']",Travel
Massive tornado warned supercell near May Oklahoma by Janis Taken on June 17 2023 ‚ö° Follow xWxClub for more storm photos from around the world okwx clouds girlswhochase cloudlovers severewx onfire skies severeweather extremeweather thisisoklahoma onlyinoklahoma oklahomaskies weather thunderstorms stormclouds landscape stormyweather cloudscape beautifulskies NatureBeauty PhotographyIsArt photooftheday fotografie photographylovers photographer,"['#tornado', '#supercell', '#Oklahoma', '#storm', '#okwx', '#clouds', '#girlswhochase', '#cloudlovers', '#severewx', '#onfire_skies', '#severeweather', '#extremeweather', '#thisisoklahoma', '#onlyinoklahoma', '#oklahomaskies', '#weather', '#thunderstorms', '#stormclouds', '#landscape', '#stormyweather', '#cloudscape', '#beautifulskies', '#NatureBeauty', '#PhotographyIsArt', '#photooftheday', '#fotografie', '#photographylovers', '#photographer']",Travel
Good morning ‚òÄÔ∏è 4 Oct 23 I wonder do introverts get lonely I don t and I admit I m a bit introverted But I m never really alone I pretty much enjoy solitude Good morning Mister Sunshine You brighten up my day Come sit beside me in your way Bee Gees Lonely Days photo photography photographer photographylovers birds birdsofmastodon birdwatching morning BrownPelican lonely,"['#photo', '#photography', '#photographer', '#photographylovers', '#birds', '#birdsofmastodon', '#birdwatching', '#morning', '#BrownPelican', '#lonely']",Travel
And yeah one more thing let s all get into the habit of using ALT with our photos and video My friend oedipusnj started a pair of hashtags on Twitter ALT4me and ALT4you Together they re a form of mutual aid for the Blind and VisuallyImpaired community who otherwise can get left out of the rich visual communications that happens online Those hashtags were met with some support on Twitter but also with much indifference and inexplicably anger Reception here on Mastodon has been much better As a photographer and visual person I have not always been good about using ALT And I still struggle particularly with video But I ll continue to work on it and I encourage you all to do the same,"['#ALT', '#photos', '#video', '#Twitter', '#ALT4me', '#ALT4you', '#Blind', '#VisuallyImpaired', '#Mastodon', '#photographer', '#ALT', '#video']",Travel
My photographer friend‚Äôs oyster and crabmeat can collection is extensive I love the artwork on the cans Each one tells the story of a local waterman and their family business Such a booming business for baltimore and the EasternShore Most of the packing houses are gone When they stopped packing in cans many were thrown away Some cans sell for thousands of dollars ChesapeakeBay workingthewater,"['#photographer', '#oyster', '#crabmeat', '#artwork', '#waterman', '#baltimore', '#EasternShore', '#ChesapeakeBay', '#workingthewater']",Travel
Vishal Dhupia Photography is the Best Photographer in Udaipur Top Photographer in Udaipur whose photography services offers all types of photoshoots in Udaipur Rajasthan ùóôùóºùóø ùóïùóºùóºùó∏ùó∂ùóªùó¥ùòÄ ùóÆùóªùó± ùóòùóªùóæùòÇùó∂ùóøùó∂ùó≤ùòÄ ùë™ùíêùíèùíïùíÇùíÑùíï 91 7062011111 ùë¥ùíÇùíäùíç ùíÇùíï lucky lakecity@gmail com or ùêïùê¢ùê¨ùê¢ùê≠ ùêñùêûùêõùê¨ùê¢ùê≠ùêû vishaldhupiaphotography com bestphotography photographer weddingphotography preweddingphotography preweddingshoot kidsphotography babyshower maternityphotography maternityphotoshoot udaipur,"['#bestphotography', '#photographer', '#weddingphotography', '#preweddingphotography', '#preweddingshoot', '#kidsphotography', '#babyshower', '#maternityphotography', '#maternityphotoshoot', '#udaipur']",Travel
Photographer BlackandWhite,"['#Photographer', '#BlackandWhite']",Travel
To The Car Park Cockfosters Cockfosters has one of the most interesting names on the London Underground network but it is also surprisingly beautiful station I love the features and signage throughout Here s photography looking up the stairs towards the car park streetphotography streetphoto railway photography photographer london mastoart art underground londonunderground potd,"['#streetphotography', '#streetphoto', '#railway', '#photography', '#photographer', '#london', '#mastoart', '#art', '#underground', '#londonunderground', '#potd']",Travel
in violet hues Toronto April 28th 2023 we see thee rise model instagram com darias dreamland photography purple artnude nudity photographie photographer photo torontophotographer nude nudeart fineartnude violet artmodel nudemodel redhair redhead nsfw EyeContact,"['#photography', '#purple', '#artnude', '#nudity', '#photographie', '#photographer', '#photo', '#torontophotographer', '#nude', '#nudeart', '#fineartnude', '#violet', '#artmodel', '#nudemodel', '#redhair', '#redhead', '#nsfw', '#EyeContact']",Travel
Been a little slack on here one from the weekend in my new Oxfordshire patch landscapephotography landscape nature naturephotography photography photooftheday travelphotography travel sunset naturelovers wittenhamclumps sky picoftheday photo captures photographer hiking landscapes landscapelovers wanderlust sunrise beautiful Oxfordshire adventure earthtrust explore,"['#landscapephotography', '#landscape', '#nature', '#naturephotography', '#photography', '#photooftheday', '#travelphotography', '#travel', '#sunset', '#naturelovers', '#wittenhamclumps', '#sky', '#picoftheday', '#photo', '#captures', '#photographer', '#hiking', '#landscapes', '#landscapelovers', '#wanderlust', '#sunrise', '#beautiful', '#Oxfordshire', '#adventure', '#earthtrust', '#explore']",Travel
Spores from yesterday s mushroom STILL unsure as to what this fella is fungi mushroom mycology photography nature naturephotography sony digitalphotography art artist photographer photo science mushrooms,"['#fungi', '#mushroom', '#mycology', '#photography', '#nature', '#naturephotography', '#sony', '#digitalphotography', '#art', '#artist', '#photographer', '#photo', '#science', '#mushrooms']",Travel
The Blue Jay Get Away I usually set a few peanuts out for the blue jays Cyanocitta cristata in the morning photo photography photographer photographylovers birds birdsofmastodon birdwatching BlueJay,"['#photo', '#photography', '#photographer', '#photographylovers', '#birds', '#birdsofmastodon', '#birdwatching', '#BlueJay']",Travel
I think it s safe to say that my first try at papermaking was just okay but also it s simultaneously safe to say that these probably aren t going to be good for photographic prints üòÖ art artist printmaking papercraft diy creative photography photographer print handmade adhd neurodivergent mushroom fungi nature naturephotography natura photo mycology,"['#art', '#artist', '#printmaking', '#papercraft', '#diy', '#creative', '#photography', '#photographer', '#print', '#handmade', '#adhd', '#neurodivergent', '#mushroom', '#fungi', '#nature', '#naturephotography', '#natura', '#photo', '#mycology']",Travel
Morning Catch 20231003 I got some pretty good photographs this morning but they were mostly the usual suspects This downy woodpecker Dryobates pubescens was around and I got my best photos of downy so far I also saw a pileated woodpecker this morning as it stopped on a dead tree but it moved deeper in the forest before I could it a bead on it photo photography photographer photographylovers birds birdsofmastodon birdwatching DownyWoodpecker,"['#photo', '#photography', '#photographer', '#photographylovers', '#birds', '#birdsofmastodon', '#birdwatching', '#DownyWoodpecker']",Travel
Yesterday was a good day I got plenty of stuff done and even managed to go outside and get a few pictures I took spore prints of this mushroom for art reasons but also in an attempt to correctly identify this little fungi Still not 100 on what he is though The underside gills are brownish red and the spore prints are all deep earthy brown fungi mushroom mycology photography nature naturephotography sony digitalphotography art artist photographer photo science,"['#fungi', '#mushroom', '#mycology', '#photography', '#nature', '#naturephotography', '#sony', '#digitalphotography', '#art', '#artist', '#photographer', '#photo', '#science']",Travel
Morning Moon 20231003 October 3 Waning Gibbous Illumination 79 photo photography photographer photographylovers moon,"['#photo', '#photography', '#photographer', '#photographylovers', '#moon']",Travel
Looking for the best shots at Golden Hour üì∏ sandharbor inclinevillage laketahoe nevada photographer roadtrip afternoonsun views photography landscapephotography travelphotography fuji fujifilmxs10 fujinonxf1680mmf4roiswr provia filmsimulation editedincaptureone,"['#sandharbor', '#inclinevillage', '#laketahoe', '#nevada', '#photographer', '#roadtrip', '#afternoonsun', '#views', '#photography', '#landscapephotography', '#travelphotography', '#fuji', '#fujifilmxs10', '#fujinonxf1680mmf4roiswr', '#provia', '#filmsimulation', '#editedincaptureone']",Travel
Millions of years captured in one photo By AmazingNature NaturePhotography Plant Plants Flower Flowers Photography Photographer,"['#AmazingNature', '#NaturePhotography', '#Plant', '#Plants', '#Flower', '#Flowers', '#Photography', '#Photographer']",Travel
A massive human sized leaf from the Brazilian Amazon üì∑ Rog√©rio Gribel By AmazingNature NaturePhotography Plant Plants Flower Flowers Photography Photographer,"['#AmazingNature', '#NaturePhotography', '#Plant', '#Plants', '#Flower', '#Flowers', '#Photography', '#Photographer']",Travel
Amazing Amazonite SmokyQuartz Smoky Hawk Claim Colorado Photo Copyright ¬© Mineral Masterpiece By GeologyWonders Geology GeologyPage Nature minerals crystals gems Nature NatureLovers NaturePhotography Photographer,"['#Amazonite', '#SmokyQuartz', '#Colorado', '#GeologyWonders', '#Geology', '#GeologyPage', '#Nature', '#minerals', '#crystals', '#gems', '#Nature', '#NatureLovers', '#NaturePhotography', '#Photographer']",Travel
An opal might display a single color two or three colors or all the rainbow colors Precious Opal is an opal that exhibits the phenomenon known as the play of color geologyin com 2017 12 how does opal get its color html fbclid IwAR1B4sw8UoRlzvMbw1rqWYCeIukWpGgiizOv3HGU yKneAWKQcirQrgiyvI By GeologyWonders Geology GeologyPage Nature minerals crystals gems Nature NatureLovers NaturePhotography Photographer,"['#GeologyWonders', '#Geology', '#GeologyPage', '#Nature', '#minerals', '#crystals', '#gems', '#Nature', '#NatureLovers', '#NaturePhotography', '#Photographer']",Travel
Pondering on the dock of the bay Photography Photo TravelPhotography Photographer Art Canon Photos Photograph PhotographyLovers BlackAndWhitePhoto BlackAndWhitePhotography Monochrome BlackAndWhite Seaside Help support BrentCPhotography ko fi com brentcphotography,"['#Photography', '#Photo', '#TravelPhotography', '#Photographer', '#Art', '#Canon', '#Photos', '#Photograph', '#PhotographyLovers', '#BlackAndWhitePhoto', '#BlackAndWhitePhotography', '#Monochrome', '#BlackAndWhite', '#Seaside']",Travel
This is an Incredible Rhodochrosite from SouthAfrica Photo Copyright ¬©Ô∏è qileisi1987 By GeologyWonders Geology GeologyPage Nature minerals crystals gems Nature NatureLovers NaturePhotography Photographer,"['#SouthAfrica', '#GeologyWonders', '#Geology', '#GeologyPage', '#Nature', '#minerals', '#crystals', '#gems', '#Nature', '#NatureLovers', '#NaturePhotography', '#Photographer']",Travel
SOLD Thanks üêà‚Äç‚¨õ Cat Fun Halloween Character biting a Pumpkin Kitchen Towel üéÉ Design ¬©Ô∏è BluedarkArt TheChameleonArt üëâüèæ zazzle com cat fun halloween c haracter biting a pumpkin kitchen towel 197964358837186173 ‚óè üî• Save up to 50 on Invitations Holiday Cards More üéÅ on shop üëâ zazzle com store bluedarkat ‚ñ™Ô∏é sales christmasgifts caturday kitchentowel gifts cats catlovers catbluedarkart copyright trends tiktok,"['#Cat', '#Fun', '#Halloween', '#Character', '#Pumpkin', '#Kitchen', '#Towel', '#Design', '#BluedarkArt', '#TheChameleonArt', '#Save', '#Invitations', '#Holiday', '#Cards', '#shop', '#sales', '#christmasgifts', '#caturday', '#kitchentowel', '#gifts', '#cats', '#catlovers', '#catbluedarkart', '#copyright', '#trends', '#tiktok']",Travel
omg just saw my first holiday commercial for Glade It‚Äôs only October 4,['#holiday'],Travel
Bob Shaw David Hardy Galactic Tours Thomas Cook Out of This World Vacations Proteus 1981 Cover and interior art David Hardy My copy signed by Hardy BobShaw DavidHardy ThomasCook galactic tour vacation holiday Proteus art illustration,"['#BobShaw', '#DavidHardy', '#ThomasCook', '#galactic', '#tour', '#vacation', '#holiday', '#Proteus', '#art', '#illustration']",Travel
The light in Delphi hits different greece holiday,"['#Delphi', '#greece', '#holiday']",Travel
DearPrincipal Altschul On the day before Sukkot break my children came home with a flier for a community sukkah hop sponsored by Abulafia Elementary This isn t the first year we ve received such a flier and each year my children beg to participate I don t think it s appropriate for PublicSchools to be sponsoring events for religious holidays I am tired of explaining to my kids that we don t build a sukkah because Sukkot is a Jewish holiday and we aren t Jewish 1 14,"['#DearPrincipal', '#PublicSchools', '#religious', '#holidays', '#sukkah', '#Sukkot', '#Jewish', '#holiday']",Travel
There s no way this was made over a century ago Halloween Holiday Card worldkey io 11117 6939784584033,"['#Halloween', '#Holiday', '#Card']",Travel
Wishing my SEVEN 7 Christian friends and all my Christish followers a very merry Yom SaintFrancis Ha Kadosh I know this is your most important holiday It must be because it falls near the normal major holidays Also I have seven 7 Christian friends so I d know ally chag greeting,"['#SaintFrancis', '#holiday', '#holidays', '#ally', '#chag', '#greeting']",Travel
Oct 4 Today is World Animal Day cute calendar com 41825 WorldAnimalDay holiday event observance,"['#Animal', '#WorldAnimalDay', '#holiday', '#event', '#observance']",Travel
Oct 4 Today is National Golf Day cute calendar com 41801 GolfDay holiday event observance,"['#Golf', '#GolfDay', '#holiday', '#event', '#observance']",Travel
Give yourself 1 point for each thing you ve NEVER done üòÅüòÇ ùêíùêÇùêéùêëùêÑùêí 16 20 Safe Space Ace 11 15 The B Team 5 10 Wise 0 4 Legendary bgworldtravel facebook holiday inspiration smallbusiness socialmedia travel trip vacation fun funquiz,"['#bgworldtravel', '#facebook', '#holiday', '#inspiration', '#smallbusiness', '#socialmedia', '#travel', '#trip', '#vacation', '#fun', '#funquiz']",Travel
boat upsidedown sky blue rope HolyIsland Holiday,"['#boat', '#upsidedown', '#sky', '#blue', '#rope', '#HolyIsland', '#Holiday']",Travel
SOLD Thanks üêÜ Leopard Psychedelic Paint Splats Tshirts üêÜ Design ¬©Ô∏è BluedarkArt TheChameleonArt üëâüèæ zazzle com leopard psychedelic paint splats t shirt 235187413985687857 ‚óè üî• Save up to 50 on Invitations Holiday Cards More üéÅ on shop üëâ zazzle com store bluedarkat ‚ñ™Ô∏é sales christmasgifts wildanimals apparel kidsclothes caturday cats catlovers gifts copyright trends tiktok,"['#Leopard', '#Psychedelic', '#Paint', '#Splats', '#Tshirts', '#Design', '#BluedarkArt', '#TheChameleonArt', '#Save', '#Invitations', '#Holiday', '#Cards', '#shop', '#sales', '#christmasgifts', '#wildanimals', '#apparel', '#kidsclothes', '#caturday', '#cats', '#catlovers', '#gifts', '#copyright', '#trends', '#tiktok']",Travel
lovenba com 1158759 This Changes EVERYTHING For The Boston Celtics AtlanticDivision Boston BostonCeltics Brown Celtics DerrickWhite EasternConference Holiday JaylenBrown JaysonTatum JrueHoliday JrueHolidayCeltics KristapsPorzingis Porzingis tatum White,"['#AtlanticDivision', '#Boston', '#BostonCeltics', '#Brown', '#Celtics', '#DerrickWhite', '#EasternConference', '#Holiday', '#JaylenBrown', '#JaysonTatum', '#JrueHoliday', '#JrueHolidayCeltics', '#KristapsPorzingis', '#Porzingis', '#tatum', '#White']",Travel
Shuzenji Bamboo Grove Narrow Path Shizuoka Prefecture Jaoan alojapan com 947588 shuzenji b amboo grove narrow path shizuoka prefecture jaoan adventure beach culture holiday indonesia island journey leisure life nature ocean resort Shizuoka Shizuokadestinations Shizuokatour Shizuokatravel Shizuokatrip Shizuokavacation travel ÈùôÂ≤°,"['#adventure', '#beach', '#culture', '#holiday', '#indonesia', '#island', '#journey', '#leisure', '#life', '#nature', '#ocean', '#resort', '#Shizuoka', '#Shizuokadestinations', '#Shizuokatour', '#Shizuokatravel', '#Shizuokatrip', '#Shizuokavacation', '#travel', '#ÈùôÂ≤°']",Travel
OTD 1789 President Washington declared November 26 1789 a Thanksgiving Day OTD 1863 President Lincoln declares the last Thursday in November as Thanksgiving Day history holiday Thanksgiving,"['#history', '#holiday', '#Thanksgiving']",Travel
Wynonna Judd to Host ‚ÄòChristmas at the Opry‚Äô Check it out üëá billboard com music country wy nonna mickey guyton lauren alaina opry country 1235431866 OpryEntertainmentGroup Nbcuniversal Holiday GrandOleOpry Music Country,"['#OpryEntertainmentGroup', '#Nbcuniversal', '#Holiday', '#GrandOleOpry', '#Music', '#Country']",Travel
Oct 3 Today is German Unity Day cute calendar com 41869 GermanUnityDay holiday event observance,"['#German', '#Unity', '#GermanUnityDay', '#holiday', '#event', '#observance']",Travel
Oct 3 Today is Virus Appreciation Day cute calendar com 41856 VirusAppreciationDay holiday event observance,"['#Virus', '#Appreciation', '#VirusAppreciationDay', '#holiday', '#event', '#observance']",Travel
Oct 3 Today is Techies Day cute calendar com 41842 TechiesDay holiday event observance,"['#Techies', '#TechiesDay', '#holiday', '#event', '#observance']",Travel
SOLD Thanks üßü‚Äç‚ôÇÔ∏è Frankenstein Monster Cartoon with Pumpkin Pedestal Sign üéÉ Design ¬©Ô∏è BluedarkArt TheChameleonArt üëâüèæ zazzle com frankenstein monste r cartoon with pumpkin pedestal sign 256011925922903308 ‚óè üî• Save up to 50 on Invitations Holiday Cards More üéÅ on shop üëâ zazzle com store bluedarkat ‚ñ™Ô∏é sales halloween halloweenbluedarkart homedecor funny gifts copyright trends tiktok,"['#Frankenstein', '#Monster', '#Cartoon', '#Pumpkin', '#Pedestal', '#Sign', '#Design', '#BluedarkArt', '#TheChameleonArt', '#Save', '#Invitations', '#Holiday', '#Cards', '#shop', '#sales', '#halloween', '#halloweenbluedarkart', '#homedecor', '#funny', '#gifts', '#copyright', '#trends', '#tiktok']",Travel
üî¥ Tu auras toujours beaucoup de soutien par les paroles mais jamais par les actes La vie est ainsi faite Ne perdez jamais espoir et croyez en vous Car ils ne seront pas capable de le faire a7productions blogspot com p 7 radio 100 mix html Motivation Mastodon Facebook Photography Holiday Summer,"['#Motivation', '#Mastodon', '#Facebook', '#Photography', '#Holiday', '#Summer']",Travel
coffee coffeeoftheday gloomy holiday,"['#coffee', '#coffeeoftheday', '#gloomy', '#holiday']",Travel
Selena Gomez Will Make Festive Food With Top Chefs for ‚ÄòSelena Chef Home for the Holidays‚Äô Check it out üëá billboard com culture tv film selena gomez selena chef home for the holidays food network 1235431132 TVFilm MusicNews Holiday TVFilm Culture,"['#TVFilm', '#MusicNews', '#Holiday', '#TVFilm', '#Culture']",Travel
Fall Oak Leaves photography digital filters not AI ART deborahleaguefineart etsy com listing 1087595124 fallen leaves art print beautiful photography digitalart artmatters mastoart mastodonart art artist artwork fediart ayearforart buyintoart fallforart artbooster fedigiftshop fall autumn holiday leaves fediverse,"['#photography', '#digitalart', '#artmatters', '#mastoart', '#mastodonart', '#art', '#artist', '#artwork', '#fediart', '#ayearforart', '#buyintoart', '#fallforart', '#artbooster', '#fedigiftshop', '#fall', '#autumn', '#holiday', '#leaves', '#fediverse']",Travel
Less guilt and more plunder henryleach com 2023 10 turkish riviera ii pirate hulks of the manavgat river Parenting travel holiday pirates,"['#Parenting', '#travel', '#holiday', '#pirates']",Travel
Just 5 more days of work then 30 days of holidays vacations 4 americans Already bought Dave the Diver for the Steam Deck for the occasion vacations holiday games SteamDeck,"['#vacations', '#holiday', '#games', '#SteamDeck']",Travel
SOLD Thanks üéÑ Reindeer Drunk Funny Christmas Character Invitations üéÑ Design ¬©Ô∏è BluedarkArt TheChameleonArt üëâüèæ zazzle com reindeer drunk funn y christmas character invitation 256050163649322349 ‚óè üî• Save up to 50 on Invitations Holiday Cards More üéÅ on shop üëâ zazzle com store bluedarkat ‚ñ™Ô∏é sales reindeerbluedarkart stationery funny copyright trends Tiktok,"['#Reindeer', '#Drunk', '#Funny', '#Christmas', '#Character', '#Invitations', '#Design', '#BluedarkArt', '#TheChameleonArt', '#Save', '#Invitations', '#Holiday', '#Cards', '#shop', '#sales', '#reindeerbluedarkart', '#stationery', '#funny', '#copyright', '#trends', '#Tiktok']",Travel
Experience the luxury of a hotel right at your doorstep with our Hotel Collections Let s transform your home into your dream oasis Don t wait click here ‚û°Ô∏è bit ly 3X6OeGp Perfect for Christmas gifts and filling your home with enchanting fragrances this holiday season HotelCollections homeLuxuryStyle,"['#Christmas', '#fragrances', '#holiday', '#HotelCollections', '#homeLuxuryStyle']",Travel
Oct 2 Today is World Habitat Day cute calendar com 41815 WorldHabitatDay holiday event observance,"['#Habitat', '#WorldHabitatDay', '#holiday', '#event', '#observance']",Travel
Oct 2 Today is Child Health Day cute calendar com 41750 ChildHealthDay holiday event observance,"['#Child', '#Health', '#ChildHealthDay', '#holiday', '#event', '#observance']",Travel
Oct 2 Today is Name Your Car Day cute calendar com 41773 NameYourCarDay holiday event observance,"['#Name', '#Your', '#Car', '#NameYourCarDay', '#holiday', '#event', '#observance']",Travel
Oct 2 Today is National Custodial Worker Day cute calendar com 41779 CustodialWorkerDay holiday event observance,"['#Custodial', '#Worker', '#CustodialWorkerDay', '#holiday', '#event', '#observance']",Travel
Oct 2 Today is International Day of Non Violence cute calendar com 41786 holiday event observance,"['#holiday', '#event', '#observance']",Travel
Wishing my Zoroastrian friends and followers who are observing all the best this Jashan of Mihr chag holiday greeting,"['#chag', '#holiday', '#greeting']",Travel
Wishing my Cao Daist friends and followers who are observing all the best this Li Bai Commemorative Day chag holiday greeting,"['#chag', '#holiday', '#greeting']",Travel
coffee coffeeoftheday holiday,"['#coffee', '#coffeeoftheday', '#holiday']",Travel
Wishing my Shia Muslim friends and followers who are observing all the best this Mawlid an Nabƒ´ chag holiday greeting I m still offline for the Yom Tov but I scheduled this so you d see it in time,"['#chag', '#holiday', '#greeting']",Travel
lovenba com 1156620 The Jrue Holiday Trade Is PERFECT AtlanticDivision Basketball BostonCeltics EasternConference Holiday HolidayTrade JrueHolidayTrade NBA NBABreakingNews NbaNews NbaTrade NbaTradeMachine NbaTradeNews NbaTradeRumors NbaTrades PortlandTrailblazers SportingLogically,"['#AtlanticDivision', '#Basketball', '#BostonCeltics', '#EasternConference', '#Holiday', '#HolidayTrade', '#JrueHolidayTrade', '#NBA', '#NBABreakingNews', '#NbaNews', '#NbaTrade', '#NbaTradeMachine', '#NbaTradeNews', '#NbaTradeRumors', '#NbaTrades', '#PortlandTrailblazers', '#SportingLogically']",Travel
Rosh Chodesh October sameach to those who observe üåñüåóüåòüåëüåëüåíüåìüåîüåï I m offline for YomTov but I scheduled this so you d see your special holiday greeting in time Chag sameach and mo adim l simcha to EVERYONE ally MedinatAmerica,"['#YomTov', '#holiday', '#greeting', '#ally', '#MedinatAmerica']",Travel
Oct 1 Today is International Coffee Day cute calendar com 41763 CoffeeDay holiday event observance,"['#Coffee', '#CoffeeDay', '#holiday', '#event', '#observance']",Travel
